Name,Slug,Collection ID,Locale ID,Item ID,Archived,Draft,Created On,Updated On,Published On,Work Thumbnail,Work Main Img,Work Bio,Work Client Name,Tahun,Work Service:,Work ClientTools,Work Single Title 01,Work Single Details 01,Work Content Writing Title,Work Content Writing Details,Work Single Img 01,Work Single Img 02,Work Single Img 03,Work Single Img 04,Meta Title,Meta Description
Alila Purnama Pinisi,alila-purnama-pinis,69746ef2bda9eecb3e4bc139,69746ef2bda9eecb3e4bc0d7,6974a98ec4f6f1932bc1f9d3,false,false,Sat Jan 24 2026 11:14:22 GMT+0000 (Coordinated Universal Time),Sat Jan 24 2026 11:30:36 GMT+0000 (Coordinated Universal Time),Sat Jan 24 2026 11:50:31 GMT+0000 (Coordinated Universal Time),https://cdn.prod.website-files.com/69746ef2bda9eecb3e4bc11e/6974a98ec4f6f1932bc1f9cd_6974a446340c546d660641cc_Alila-Purnama-Exterior-3-1024x767_imgupscaler.ai_V1(Fast)_2K.png,,Luxury Expedition Phinisi Yacht,Alila Purnama,2009,"Expedition Yacht Design, Luxury Hospitality, Charter Presentation","Modern Phinisi Construction, Expedition Systems, Hospitality-Oriented Design",/ about project,"Alila Purnama is a luxury expedition Phinisi yacht created to deliver refined exploration across Indonesia’s most remote and culturally rich waters. Combining the traditional Phinisi sailing form with modern expedition capabilities and five-star hospitality standards, the vessel is designed for long-range voyages with exceptional comfort and service.",Project Overview,"Designed as a floating extension of luxury hospitality, Alila Purnama offers spacious suites, elegant communal areas, and attentive onboard service tailored for immersive journeys. The yacht supports extended expeditions to destinations such as Raja Ampat, Komodo, the Banda Sea, and eastern Indonesia, with activities centered on diving, snorkeling, cultural encounters, and nature exploration. Alila Purnama represents a benchmark interpretation of the Phinisi—where expedition capability meets refined, experience-led luxury at sea.",https://cdn.prod.website-files.com/69746ef2bda9eecb3e4bc11e/6974a98ec4f6f1932bc1f9c5_6974a4a202b65ab07a57a140_Alila-Purnama-Exterior-4-1024x682_imgupscaler.ai_V1(Fast)_2K.png,https://cdn.prod.website-files.com/69746ef2bda9eecb3e4bc11e/6974a98ec4f6f1932bc1f9c8_6974a4a7e63f0fe265a6c16e_Alila-Purnama-Exterior-1-1024x683_imgupscaler.ai_V1(Fast)_2K.png,,,,
Aurora Pinisi,aurora-pinis,69746ef2bda9eecb3e4bc139,69746ef2bda9eecb3e4bc0d7,6974a99dc7ef768b4d063a5d,false,false,Sat Jan 24 2026 11:14:37 GMT+0000 (Coordinated Universal Time),Sat Jan 24 2026 11:29:43 GMT+0000 (Coordinated Universal Time),Sat Jan 24 2026 11:50:31 GMT+0000 (Coordinated Universal Time),https://cdn.prod.website-files.com/69746ef2bda9eecb3e4bc11e/6974a99dc7ef768b4d063a3d_6974a374094fb83e9a122514_1-Photo-top-home-page--1170x658_imgupscaler.ai_V1(Fast)_2K.png,,Luxury Phinisi Yacht Charter,Aurora Phinisi,2008,"Luxury Yacht Design, Maritime Experience, Charter Presentation","Modern Phinisi Construction, Refined Interior Design, Digital Media",/ about project,"Aurora is a luxury Phinisi yacht designed to offer a serene yet elevated charter experience across Indonesia’s most captivating seascapes. Combining the timeless Phinisi sailing silhouette with contemporary yacht craftsmanship, the vessel focuses on harmony, comfort, and a sense of quiet sophistication.",Project Overview,"Created for guests who value atmosphere and balance, Aurora provides comfortable accommodations, open leisure decks, and thoughtfully curated onboard experiences. The yacht supports relaxed cruising, snorkeling, and coastal exploration across destinations such as Komodo and Raja Ampat. Aurora represents a modern interpretation of the Phinisi—defined by calm elegance, immersive journeys, and refined living at sea.",,https://cdn.prod.website-files.com/69746ef2bda9eecb3e4bc11e/6974a99dc7ef768b4d063a37_6974a401a45e39edc31b2516_Aurora-Liveaboard-1170x658_imgupscaler.ai_V1(Fast)_2K.png,https://cdn.prod.website-files.com/69746ef2bda9eecb3e4bc11e/6974a99dc7ef768b4d063a3a_6974a407f0fe95cfc4a9f10f_bateau-sunset_0_1742866580-optimized_imgupscaler.ai_V1(Fast)_2K.png,,Bina Pusaka | Pinisi Design & Traditional Shipbuilding,"Bina Pusaka is a maritime design and traditional Pinisi shipbuilding company, preserving Indonesian heritage through timeless craftsmanship, strength, and elegance."
Ilike Pinisi,ilike-pinis,69746ef2bda9eecb3e4bc139,69746ef2bda9eecb3e4bc0d7,6974a9c20ddc628c2ecb9542,false,false,Sat Jan 24 2026 11:15:14 GMT+0000 (Coordinated Universal Time),Sat Jan 24 2026 11:29:22 GMT+0000 (Coordinated Universal Time),Sat Jan 24 2026 11:50:31 GMT+0000 (Coordinated Universal Time),https://cdn.prod.website-files.com/69746ef2bda9eecb3e4bc11e/6974a9c20ddc628c2ecb9521_6974a2a3852f421d92d5f7ad_vessel_Ilike_liveaboard_06-640x600.webp,https://cdn.prod.website-files.com/69746ef2bda9eecb3e4bc11e/6974a9c20ddc628c2ecb9528_6974a2a3852f421d92d5f7ad_vessel_Ilike_liveaboard_06-640x600.webp,Luxury Phinisi Yacht Charter,Ilike Phinisi,2010,"Luxury Yacht Design, Maritime Experience, Charter Presentation","Modern Phinisi Construction, Contemporary Interior Design, Digital Media",/ about project,"Ilike is a luxury Phinisi yacht designed for relaxed and contemporary charter experiences in Indonesia’s archipelagic waters. Featuring the recognizable Phinisi sailing form paired with modern yacht comfort, the vessel emphasizes openness, ease, and an informal sense of luxury at sea.",Project Overview,"Created for guests seeking a laid-back yet refined liveaboard experience, Ilike offers comfortable accommodations, open social spaces, and flexible onboard activities. The yacht supports cruising, snorkeling, and island exploration across destinations such as Komodo and Raja Ampat. Ilike represents a modern, approachable interpretation of the Phinisi—focused on enjoyment, simplicity, and effortless maritime living.",https://cdn.prod.website-files.com/69746ef2bda9eecb3e4bc11e/6974a9c20ddc628c2ecb952f_6974a31cd8641f5e27e8e9f7_Ilike-sails-1_11zon_11zon.webp,https://cdn.prod.website-files.com/69746ef2bda9eecb3e4bc11e/6974a9c20ddc628c2ecb952c_69747882509326e9c378b92e_Ilike-brids-eye-2_11zon_11zon.webp,https://cdn.prod.website-files.com/69746ef2bda9eecb3e4bc11e/6974a9c20ddc628c2ecb9525_6974a323e64a22253713c190_Ilike-sails-2_11zon_11zon.webp,,Bina Pusaka | Pinisi Design & Traditional Shipbuilding,"Bina Pusaka is a maritime design and traditional Pinisi shipbuilding company, preserving Indonesian heritage through timeless craftsmanship, strength, and elegance."
Moana Pinisi,moana-pinis,69746ef2bda9eecb3e4bc139,69746ef2bda9eecb3e4bc0d7,6974a9da89685d581473dd89,false,false,Sat Jan 24 2026 11:15:38 GMT+0000 (Coordinated Universal Time),Sat Jan 24 2026 11:29:59 GMT+0000 (Coordinated Universal Time),Sat Jan 24 2026 11:50:31 GMT+0000 (Coordinated Universal Time),https://cdn.prod.website-files.com/69746ef2bda9eecb3e4bc11e/6974a9da89685d581473dd72_6974a1b23a28e7d9f541274a_Moana000.webp,https://cdn.prod.website-files.com/69746ef2bda9eecb3e4bc11e/6974a9da89685d581473dd75_6974a1b23a28e7d9f541274a_Moana000.webp,Luxury Phinisi Yacht Charter,Moana Phinisi,2004,"Luxury Yacht Design, Maritime Experience, Charter Presentation","Modern Phinisi Construction, Yacht Interior Design, Digital Media",/ about project,"Moana is a luxury Phinisi yacht designed to deliver an intimate and immersive charter experience across Indonesia’s tropical waters. Blending the classic Phinisi profile with contemporary yacht comfort, the vessel focuses on simplicity, relaxation, and close connection to the sea.",Project Overview,"Crafted for small groups and private charters, Moana offers well-appointed accommodations, open deck spaces, and a relaxed onboard atmosphere. The yacht supports leisure cruising, snorkeling, and island exploration across destinations such as Komodo and Raja Ampat. Moana represents a refined yet approachable interpretation of the Phinisi—centered on calm journeys, natural beauty, and understated luxury at sea.",https://cdn.prod.website-files.com/69746ef2bda9eecb3e4bc11e/6974a9da89685d581473dd69_6974a23b3b41a89a5a31632a_MoanaCruising04.webp,https://cdn.prod.website-files.com/69746ef2bda9eecb3e4bc11e/6974a9da89685d581473dd66_6974a23ec9142254509ac16b_moana4.webp,https://cdn.prod.website-files.com/69746ef2bda9eecb3e4bc11e/6974a9da89685d581473dd6c_6974a241f2851b324397f065_MoanaCruising09.webp,https://cdn.prod.website-files.com/69746ef2bda9eecb3e4bc11e/6974a9da89685d581473dd6f_6974a24cfbee567e176bcb4b_moana2.webp,Bina Pusaka | Pinisi Design & Traditional Shipbuilding,"Bina Pusaka is a maritime design and traditional Pinisi shipbuilding company, preserving Indonesian heritage through timeless craftsmanship, strength, and elegance."
Prana Pinisi,prana-pinis,69746ef2bda9eecb3e4bc139,69746ef2bda9eecb3e4bc0d7,6974a9fff32d48fb799f8798,false,false,Sat Jan 24 2026 11:16:15 GMT+0000 (Coordinated Universal Time),Sat Jan 24 2026 11:27:57 GMT+0000 (Coordinated Universal Time),Sat Jan 24 2026 11:50:31 GMT+0000 (Coordinated Universal Time),https://cdn.prod.website-files.com/69746ef2bda9eecb3e4bc11e/6974a9fff32d48fb799f8789_69749e1b5bf603181973ed89_AGY_Indonesia_Prana-01.webp,,Luxury Phinisi Yacht Charter,Prana Phinisi,2018,"Luxury Yacht Design, Maritime Experience, Charter Presentation","Modern Phinisi Construction, Yacht Interior Design, Digital Media",/ about project,"Prana is a luxury Phinisi yacht conceived as a spacious and refined liveaboard for extended voyages across Indonesia’s most remote and pristine waters. Merging the iconic Phinisi sailing form with contemporary yacht standards, the vessel emphasizes scale, comfort, and a sense of calm continuity throughout the journey.",Project Overview,"Designed to host guests in an atmosphere of quiet sophistication, Prana offers generous living spaces, expansive decks, and well-appointed accommodations that support long, immersive charters. The yacht is suited for exploration across destinations such as Komodo and Raja Ampat, with activities centered on relaxed cruising, snorkeling, and ocean discovery. Prana represents a modern interpretation of the Phinisi—defined by spaciousness, balance, and enduring elegance at sea.",https://cdn.prod.website-files.com/69746ef2bda9eecb3e4bc11e/6974a9fff32d48fb799f8783_69749f1ae7bf0ef858a6eab4_679c9730b8ad5230db05317b.webp,https://cdn.prod.website-files.com/69746ef2bda9eecb3e4bc11e/6974a9fff32d48fb799f8780_69749f20e63f0fe265a6570a_Prana-by-Atzaro-Rates-Schedule-1.webp,https://cdn.prod.website-files.com/69746ef2bda9eecb3e4bc11e/6974a9fef32d48fb799f8778_69749f249ee4eb2aeee3d05c_Prana-by-Atzaro-Yacht-1.webp,https://cdn.prod.website-files.com/69746ef2bda9eecb3e4bc11e/6974a9fff32d48fb799f8786_69749f264ac837916a99513e_tale-of-prana-header-1024x507-1.jpeg,Bina Pusaka | Pinisi Design & Traditional Shipbuilding,"Bina Pusaka is a maritime design and traditional Pinisi shipbuilding company, preserving Indonesian heritage through timeless craftsmanship, strength, and elegance."
Sanctuary Pinisi,sanctuary-pinis,69746ef2bda9eecb3e4bc139,69746ef2bda9eecb3e4bc0d7,6974aa208401ff7a45d04ba3,false,false,Sat Jan 24 2026 11:16:48 GMT+0000 (Coordinated Universal Time),Sat Jan 24 2026 11:28:17 GMT+0000 (Coordinated Universal Time),Sat Jan 24 2026 11:50:31 GMT+0000 (Coordinated Universal Time),https://cdn.prod.website-files.com/69746ef2bda9eecb3e4bc11e/6974aa208401ff7a45d04b70_69749c49a6e4409d13deb70d_6792458c3e882fa0b3049d3a.webp,https://cdn.prod.website-files.com/69746ef2bda9eecb3e4bc11e/6974aa208401ff7a45d04b70_69749c49a6e4409d13deb70d_6792458c3e882fa0b3049d3a.webp,Luxury Phinisi Yacht Charter,Sanctuary Phinisi Yacht,2023,"Luxury Yacht Design, Maritime Experience, Charter Presentation","Modern Phinisi Construction, Yacht Interior Design, Digital Media",/ about project,"Sanctuary is a luxury Phinisi yacht designed to offer a refined and tranquil charter experience across Indonesia’s premier cruising destinations. Blending the classic Phinisi sailing profile with contemporary yacht standards, the vessel emphasizes comfort, privacy, and seamless connection with the surrounding seascape.",Project Overview,"Built to provide an intimate and relaxed liveaboard journey, Sanctuary accommodates guests in well-appointed suites supported by attentive onboard service. The yacht features open leisure decks, elegant dining spaces, and curated water activities such as snorkeling and coastal exploration. Designed for destinations including Komodo and Raja Ampat, Sanctuary presents a modern luxury interpretation of the Phinisi—focused on serenity, exploration, and understated elegance at sea.",https://cdn.prod.website-files.com/69746ef2bda9eecb3e4bc11e/6974aa208401ff7a45d04b74_69749ca6ef2ba1215b2fd7ed_102-Sailing-yacht-SANCTUARY.jpeg,https://cdn.prod.website-files.com/69746ef2bda9eecb3e4bc11e/6974aa208401ff7a45d04b7c_69749cab6f516d56607bfff1_6792458c3e882fa0b3049d3c.webp,https://cdn.prod.website-files.com/69746ef2bda9eecb3e4bc11e/6974aa208401ff7a45d04b7f_69749caefce8ee90c455ccfb_679245893e882fa0b3049d2c.webp,https://cdn.prod.website-files.com/69746ef2bda9eecb3e4bc11e/6974aa208401ff7a45d04b82_69749cb302b65ab07a570545_Charter_Indonesia_Sanctuary_28-1536x864.webp,Bina Pusaka | Pinisi Design & Traditional Shipbuilding,"Bina Pusaka is a maritime design and traditional Pinisi shipbuilding company, preserving Indonesian heritage through timeless craftsmanship, strength, and elegance."
Tambora Pinisi,tambora-pinis,69746ef2bda9eecb3e4bc139,69746ef2bda9eecb3e4bc0d7,6974a91d59361baf8487cfe5,false,false,Sat Jan 24 2026 11:12:29 GMT+0000 (Coordinated Universal Time),Sat Jan 24 2026 11:30:46 GMT+0000 (Coordinated Universal Time),Sat Jan 24 2026 11:50:31 GMT+0000 (Coordinated Universal Time),https://cdn.prod.website-files.com/69746ef2bda9eecb3e4bc11e/6974a91c59361baf8487cfc7_6974a4d7b40738cf4ee908aa_Tambora-LIveaboard-Cruise_imgupscaler.ai_V1(Fast)_2K.png,https://cdn.prod.website-files.com/69746ef2bda9eecb3e4bc11e/6974a91c59361baf8487cfc3_6974a4d7b40738cf4ee908aa_Tambora-LIveaboard-Cruise_imgupscaler.ai_V1(Fast)_2K.png,Luxury Expedition Phinisi Yacht,Tambora Pinisi,2008,"Expedition Yacht Design, Maritime Experience, Charter Presentation","Modern Phinisi Construction, Expedition-Oriented Systems, Digital Media",/ about project,"Tambora is a luxury expedition Phinisi yacht designed for adventurous yet comfortable exploration of Indonesia’s vast and remote archipelagic waters. Integrating the traditional Phinisi sailing form with modern expedition standards, the vessel emphasizes reliability, range, and a grounded connection to the natural marine environment.",Project Overview,"Built for extended voyages and immersive discovery, Tambora offers practical yet refined accommodations, functional deck spaces, and expedition-ready facilities. The yacht supports journeys across destinations such as Komodo, Raja Ampat, and eastern Indonesia, with activities centered on diving, snorkeling, and remote island exploration. Tambora represents a purposeful interpretation of the Phinisi—focused on endurance, exploration, and authentic maritime experience rather than ornamental luxury.",https://cdn.prod.website-files.com/69746ef2bda9eecb3e4bc11e/6974a91c59361baf8487cfcf_6974a517f9db6cc8c784cf17_Tambora-LIveaboard_imgupscaler.ai_V1(Fast)_2K.png,https://cdn.prod.website-files.com/69746ef2bda9eecb3e4bc11e/6974a91d59361baf8487cfdc_6974a51b469c8d315c8af551_Tambora-Phinisi_imgupscaler.ai_V1(Fast)_2K.png,,,Bina Pusaka | Pinisi Design & Traditional Shipbuilding,"Bina Pusaka is a maritime design and traditional Pinisi shipbuilding company, preserving Indonesian heritage through timeless craftsmanship, strength, and elegance.
"
The Maj Eceanic Pinisi,the-maj-eceanic-pinis,69746ef2bda9eecb3e4bc139,69746ef2bda9eecb3e4bc0d7,6974aa0aec059323a7087240,false,false,Sat Jan 24 2026 11:16:26 GMT+0000 (Coordinated Universal Time),Sat Jan 24 2026 11:27:31 GMT+0000 (Coordinated Universal Time),Sat Jan 24 2026 11:50:31 GMT+0000 (Coordinated Universal Time),https://cdn.prod.website-files.com/69746ef2bda9eecb3e4bc11e/6974aa0aec059323a70871c8_69749987f10e6dc1e3a5c48b_The-Maj-Oceanic-Ambience-01-1024x575_imgupscaler.ai_V1(Fast)_2K.png,,"Pinisi Yacht, Maritime Craftsmanship",The Maj Oceanic Pinisi,2020,"Pinisi Yacht Construction, Visual Identity, Maritime Storytelling","Traditional Shipbuilding Techniques, Naval Craftsmanship, Digital Documentation",/ about project,"The Maj Oceanic is a 47-meter luxury Phinisi yacht built for premium charter experiences across Indonesia’s most exclusive destinations. Combining the iconic Indonesian sailing silhouette with modern yacht engineering, the vessel offers refined comfort, expansive outdoor decks, and resort-level amenities designed for extended ocean journeys.",Project Overview,"The Maj Oceanic represents more than a sailing vessel—it is a living legacy of the Pinisi tradition. Every design decision reflects respect for ancestral craftsmanship while integrating modern standards of comfort and seaworthiness. From hull construction to interior detailing, the project honors maritime history while positioning the Pinisi for the future of Indonesian ocean exploration.",https://cdn.prod.website-files.com/69746ef2bda9eecb3e4bc11e/6974aa0aec059323a70871c2_697499c56a13d6d4cae0bb1c_TMO-Main-view-01-1024x575_imgupscaler.ai_V1(Fast)_2K.png,https://cdn.prod.website-files.com/69746ef2bda9eecb3e4bc11e/6974aa0aec059323a70871cf_697499cbcf55a6de7d089a3d_TMO-Main-view-02-1-1024x768_imgupscaler.ai_V1(Fast)_2K.png,https://cdn.prod.website-files.com/69746ef2bda9eecb3e4bc11e/6974aa09ec059323a70871be_697499f17c76a3e87487c223_WhatsApp%2520Image%25202026-01-13%2520at%252021.40.45.jpeg,https://cdn.prod.website-files.com/69746ef2bda9eecb3e4bc11e/6974aa0aec059323a70871e1_697499d80d374530825ebf4b_TMO-Areal-view-scaled-e1664971034548-1024x576_imgupscaler.ai_V1(Fast)_2K.png,Bina Pusaka | Pinisi Design & Traditional Shipbuilding,"Bina Pusaka is a maritime design and traditional Pinisi shipbuilding company, preserving Indonesian heritage through timeless craftsmanship, strength, and elegance."
Tiger Blue Pinisi,tiger-blue-pinis,69746ef2bda9eecb3e4bc139,69746ef2bda9eecb3e4bc0d7,6974a9e75faada74749ce790,false,false,Sat Jan 24 2026 11:15:51 GMT+0000 (Coordinated Universal Time),Sat Jan 24 2026 11:29:04 GMT+0000 (Coordinated Universal Time),Sat Jan 24 2026 11:50:31 GMT+0000 (Coordinated Universal Time),https://cdn.prod.website-files.com/69746ef2bda9eecb3e4bc11e/6974a9e65faada74749ce750_6974a0f7b3c42be0bb2d559f_tiger-blue-phinisi.webp,https://cdn.prod.website-files.com/69746ef2bda9eecb3e4bc11e/6974a9e65faada74749ce757_6974a0f7b3c42be0bb2d559f_tiger-blue-phinisi.webp,Luxury Expedition Phinisi Yacht,Tiger Blue Phinisi,2008,"Expedition Yacht Design, Maritime Experience, Charter Presentation","Modern Phinisi Construction, Expedition Interior Design, Digital Media",/ about project,"Tiger Blue is a luxury expedition Phinisi yacht designed for deep-sea exploration across Indonesia’s most remote and untouched regions. Combining the traditional Phinisi silhouette with expedition-grade yacht engineering, the vessel is built for endurance, stability, and long-range ocean travel.",Project Overview,"Created for serious exploration rather than resort-style cruising, Tiger Blue offers robust construction, functional deck layouts, and expedition-focused onboard facilities. The yacht supports extended voyages to destinations such as Raja Ampat, Banda Sea, and remote eastern Indonesian archipelagos, with activities centered on diving, snorkeling, marine research, and ocean discovery. Tiger Blue represents a Phinisi built for purpose—exploration, resilience, and authentic maritime adventure.",https://cdn.prod.website-files.com/69746ef2bda9eecb3e4bc11e/6974a9e65faada74749ce75d_6974a15b852f421d92d5d8e7_5dc41b2a78cf5310a484f960_TigerBlue-Exteriors-04-1024x683.jpeg,https://cdn.prod.website-files.com/69746ef2bda9eecb3e4bc11e/6974a9e65faada74749ce753_6974a16073bc8349fcaff570_5dc41b2a78cf5301a084f95f_TigerBlue-TheBoat-01-1024x683.jpeg,https://cdn.prod.website-files.com/69746ef2bda9eecb3e4bc11e/6974a9e65faada74749ce75a_6974a16948afa37b395d4fc7_5dc41b2a78cf533d2984f961_TigerBlue-Exteriors-05-1024x683.jpeg,,Bina Pusaka | Pinisi Design & Traditional Shipbuilding,"Bina Pusaka is a maritime design and traditional Pinisi shipbuilding company, preserving Indonesian heritage through timeless craftsmanship, strength, and elegance."
Vela Pinisi,vela-pinis,69746ef2bda9eecb3e4bc139,69746ef2bda9eecb3e4bc0d7,6974aa34cd94a67b750a35e4,false,false,Sat Jan 24 2026 11:17:08 GMT+0000 (Coordinated Universal Time),Sat Jan 24 2026 11:28:30 GMT+0000 (Coordinated Universal Time),Sat Jan 24 2026 11:50:31 GMT+0000 (Coordinated Universal Time),https://cdn.prod.website-files.com/69746ef2bda9eecb3e4bc11e/6974aa34cd94a67b750a35cb_69749d0559361baf8486b5fa_Vela-exterior-web-gallery_-4.jpeg,https://cdn.prod.website-files.com/69746ef2bda9eecb3e4bc11e/6974aa34cd94a67b750a35cb_69749d0559361baf8486b5fa_Vela-exterior-web-gallery_-4.jpeg,Luxury Phinisi Yacht Charter,Vela Phinisi Yacht,2022,"Luxury Yacht Design, Maritime Experience, Charter Presentation","Modern Phinisi Construction, Yacht Interior Design, Digital Media",/ about project,"Vela is a luxury Phinisi yacht created for elegant and immersive charter experiences in Indonesia’s archipelagic waters. Featuring the distinctive Phinisi silhouette combined with modern yacht craftsmanship, the vessel is designed to deliver balance between comfort, performance, and refined maritime living.",Project Overview,"Designed for guests seeking a sophisticated yet relaxed liveaboard experience, Vela offers thoughtfully arranged accommodations, open deck spaces, and curated onboard activities. The yacht supports leisure cruising, snorkeling, and coastal exploration across destinations such as Komodo and Raja Ampat. Vela represents a contemporary expression of the Phinisi form—focused on smooth sailing, understated luxury, and meaningful connection with the sea.",https://cdn.prod.website-files.com/69746ef2bda9eecb3e4bc11e/6974aa34cd94a67b750a35d4_69749d5eb04d0efcffa4f1a5_Vela-exterior-web-gallery_-9.jpeg,https://cdn.prod.website-files.com/69746ef2bda9eecb3e4bc11e/6974aa34cd94a67b750a35db_69749d66ae2b33ea30e0b0b6_Vela-exterior-web-gallery_-11.jpeg,https://cdn.prod.website-files.com/69746ef2bda9eecb3e4bc11e/6974aa34cd94a67b750a35cf_69749d6a5c62f3103d4dfb1c_Vela-exterior-web-gallery_-2.jpeg,https://cdn.prod.website-files.com/69746ef2bda9eecb3e4bc11e/6974aa34cd94a67b750a35d8_69749d714200b5d18251c486_Vela-exterior-web-gallery_-3.jpeg,Bina Pusaka | Pinisi Design & Traditional Shipbuilding,"Bina Pusaka is a maritime design and traditional Pinisi shipbuilding company, preserving Indonesian heritage through timeless craftsmanship, strength, and elegance."
